guide id, chr, strand, position, sequence, # mismatches, score, ontarget, gene
2006955332, chr11, -1, 31817476, GGGCCCCTCCACCCCGCCTCTGG, 2, 5.1467032967, False, None
2006955333, chr5, 1, 6715101, CTACCCCTCCACCCCGCCTCCGG, 3, 2.28742368742, False, None
2006955334, chr14, 1, 90403304, GTCCCCTCCCACCCCGCCTCCAG, 3, 1.73721552878, False, None
2006955335, chr17, -1, 4358745, TACCCCCCACACCCCGCCTCTGG, 3, 1.63277074543, False, None
2006955336, chr10, -1, 8145352, AACCCCCCCCCCCCCGCCTCCAG, 3, 1.56222222222, False, None
2006955337, chr11, 1, 66051217, AACCCCCCCCACCCCGCCTTCAG, 3, 1.54444444444, False, NR_073078
2006955338, chr15, -1, 77859764, GAAGCCCTGCACCCCGCCTCTAG, 3, 1.53232583668, False, None
2006955339, chr12, 1, 31812332, GATCGACTCCACCCCGCCTCTGG, 3, 1.41499001248, False, NM_173802
2006955341, chr10, -1, 116294249, CCCCACCCCCACCCCGCCTCAGG, 4, 1.38618677043, False, None
2006955340, chr19, -1, 4173631, CTCTCCCCCCACCCCGCCTCTGG, 4, 1.38618677043, False, None
2006955343, chr2, -1, 10364696, CATCACCCCCACCCCGCCTCCAG, 4, 1.36678015564, False, None
2006955342, chr2, 1, 242214589, ATTCCCCCCCACCCCGCCTCAGG, 4, 1.36678015564, False, None
2006955344, chr12, 1, 102091372, GACCCCCTCCGCCCCGCCCCCAG, 2, 1.318125, False, NM_020244
2006955345, chr2, -1, 232379214, CCCCCCCTCCACCCCGGCTCAAG, 3, 1.29012345679, False, None
2006955346, chr11, 1, 13948353, TACCCCCCCCACCCCGCCACAGG, 3, 1.12711864407, False, None
2006955347, chr4, -1, 147901968, GTCTCCCTCCACCCCGCCACCAG, 3, 1.09016393443, False, None
2006955348, chr6, -1, 37525962, CACCCCCTCAACACCGCCTCAGG, 3, 1.05979859155, False, None
2006955349, chr11, -1, 71229859, GACGCCCCCCACCCCGCCCCCAG, 3, 1.02307692308, False, None
2006955350, chr2, 1, 206568805, GACCTCCCCCACCCCGCCGCCAG, 3, 0.992537313433, False, None
2006955352, chr17, -1, 40044750, TGCCCCTCCCACCCCGCCTCTGG, 4, 0.946765564202, False, None
2006955353, chr19, -1, 46321186, ATCCCCGGCCACCCCGCCTCCAG, 4, 0.946765564202, False, NM_004819
2006955351, chr4, 1, 38537610, CTCCCCACCCACCCCGCCTCAGG, 4, 0.946765564202, False, None
2006955354, chr9, 1, 37465347, CCCCCCTCCCACCCCGCCTCTAG, 4, 0.946765564202, False, NM_014872
2006955355, chr17, 1, 64299166, GCCCCGCTCCTCCCCGCCTCCGG, 3, 0.920595238095, False, NM_002737
2006955356, chr7, 1, 157779541, GACCCACTCCACCCCTCCTCCAG, 2, 0.8987, False, None
2006955357, chr22, -1, 24823723, CACCCCCTCCTCCCCGCCTGGGG, 3, 0.857166666667, False, NR_103543
2006955358, chr10, 1, 135149930, CGCCCTCCCCACCCCGCCTCCGG, 4, 0.838642996109, False, None
2006955359, chr11, -1, 83433593, GTCACTCCCCACCCCGCCTCTGG, 4, 0.825790229885, False, None
2006955360, chr18, -1, 12376923, GGCGCCCTCCACCCTGCCTCGGG, 3, 0.819967793881, False, NM_006796
2006955362, chr13, -1, 100546982, CCCCCCCCCCCCCCCGCCTCAGG, 4, 0.807015306122, False, NM_206808
2006955363, chr19, -1, 42806794, TTCTCCCTCCTCCCCGCCTCGGG, 4, 0.807015306122, False, NM_001145940
2006955365, chr22, 1, 50884785, CCCCCCCCCCCCCCCGCCTCCGG, 4, 0.807015306122, False, NM_002972
2006955364, chr4, 1, 111117575, CACCGCCCCCTCCCCGCCTCCAG, 4, 0.807015306122, False, None
2006955361, chr5, 1, 139028239, CTCCCCCCCCTCCCCGCCTCGGG, 4, 0.807015306122, False, NM_016463
2006955366, chr17, 1, 35850170, GGCCCGCGCGACCCCGCCTCTGG, 4, 0.784601902174, False, NM_007026
2006955367, chr10, 1, 94051015, GATCGCCGCCTCCCCGCCTCAGG, 4, 0.770556077075, False, NM_017824
2006955369, chr2, 1, 25565955, CACCCCCCCACCCCCGCCTCCAG, 4, 0.743261096939, False, None
2006955368, chrX, 1, 118370510, CGCCCCCTCTGCCCCGCCTCAAG, 4, 0.743261096939, False, NM_006667
2006955370, chr9, 1, 27338857, GACCCCTCCCACCCCGACTCCGG, 3, 0.74016962963, False, None
2006955371, chr1, -1, 40420730, GAGCCCCGCTGCCCCGCCTCCAG, 4, 0.709682146986, False, NM_032793
2006955372, chr8, 1, 134250922, GTCCACCGCCACCCCGCCTTTGG, 4, 0.697447183099, False, NM_001135242
2006955373, chr12, 1, 132529349, GACCCCACCCACCCCGCCGCAGG, 3, 0.639711267606, False, NM_015409
2006955374, chr11, -1, 61321432, CACCCCCTCCCCTCCGCCTCAGG, 3, 0.63864084507, False, None
2006955375, chr3, 1, 118894376, CACCCCCTCCCCCCCGCCCCAAG, 3, 0.625550847458, False, None
2006955376, chr10, -1, 133956638, AGCCCCCCCCACCCCGACTCAGG, 4, 0.620616515837, False, None
2006955377, chr17, -1, 62167047, ACTCCCCTCCACCCCGGCTCGGG, 4, 0.611927884615, False, None
2006955378, chr2, -1, 129288424, AACCCCATCCACCCGGCCTCAGG, 3, 0.576755555556, False, None
2006955380, chr19, 1, 1171456, GGCTGCCTCCACACCGCCTCCAG, 4, 0.572069502075, False, None
2006955379, chr4, -1, 143767366, GCCGCCCCCCACTCCGCCTCCGG, 4, 0.572069502075, False, NM_001101669
2006955381, chr6, -1, 31462820, CTCCCCCTCCACCCCACCTCCAG, 3, 0.558632478632, False, None
2006955382, chr6, 1, 163653894, CAGCCCCTCCACCCCTCCTCCAG, 3, 0.550811623932, False, None
2006955383, chr16, -1, 14165067, GACGCTGCCCACCCCGCCTCAAG, 4, 0.547241054833, False, None
2006955384, chr9, 1, 33202607, GTCCCCTCCCTCCCCGCCTCTGG, 4, 0.542336972892, False, None
2006955386, chr19, 1, 13122171, GCCCCCCACCACCCCACCTCGGG, 3, 0.541956882255, False, None
2006955385, chr19, 1, 54824556, GTCCACCTCCACCCCACCTCCAG, 3, 0.541956882255, False, None
2006955387, chr1, -1, 2445639, GCCCCCTTGGACCCCGCCTCAAG, 4, 0.541197642317, False, NM_018216
2006955388, chr5, -1, 77269271, GTCCCCCTCCAGCCCGCCCCTGG, 3, 0.536360655738, False, None
2006955400, chr1, -1, 15639815, CCCCCCCACCACCCCGCCCCCAG, 4, 0.526848591549, False, None
2006955397, chr10, 1, 128376476, AACACCCCCCACCCCGCCCCCAG, 4, 0.526848591549, False, None
2006955398, chr12, 1, 22487643, CCCCCCCCCCACCCCGCCCCGAG, 4, 0.526848591549, False, NM_003034
2006955393, chr17, -1, 16954845, CTCCCCCGCCACCCCGCCCCAGG, 4, 0.526848591549, False, None
2006955395, chr19, -1, 28341691, AGCCCCCCCCACCCCGCCCCTGG, 4, 0.526848591549, False, None
2006955391, chr2, -1, 129244195, CCCCCCCCCCACCCCGCCCCCGG, 4, 0.526848591549, False, None
2006955389, chr3, 1, 187558451, AACTCCCCCCACCCCGCCCCCAG, 4, 0.526848591549, False, None
2006955396, chr3, 1, 195489203, CACCACCCCCACCCCGCCCCTGG, 4, 0.526848591549, False, NM_004532
2006955394, chr4, -1, 55874747, CACAGCCTCCACCCCGCCACGAG, 4, 0.526848591549, False, None
2006955390, chr7, 1, 98977361, CACCACCACCACCCCGCCGCTGG, 4, 0.526848591549, False, None
2006955399, chr9, -1, 126138174, CACTCCCCCCACCCCGCCCCAGG, 4, 0.526848591549, False, None
2006955392, chrX, 1, 129040623, TGCCCCCCCCACCCCGCCCCCGG, 4, 0.526848591549, False, None
2006955401, chr17, -1, 55740522, CCGCCCCTCCACCCCGCCACTGG, 4, 0.519472711268, False, None
2006955402, chr19, -1, 46285142, GCCTCTCTGCACCCCGCCTCAGG, 4, 0.512410870623, False, None
2006955403, chr19, 1, 4278568, GCTCCCCCCCACCCCGCCCCCAG, 4, 0.509897177419, False, NM_020209
2006955404, chr8, 1, 144822944, GTACCCCACCACCCCGCCCCAGG, 4, 0.509897177419, False, None
2006955405, chr8, -1, 94928910, GACCCCCCCCCCCCCGCCCCCAG, 3, 0.505582191781, False, None
2006955407, chr1, 1, 43736528, GAGAACCTCCACCCCGCCCCCAG, 4, 0.500668269231, False, NM_144626
2006955406, chr19, -1, 14142968, GAGCTCCCCCACCCCGCCCCGGG, 4, 0.500668269231, False, None
2006955408, chr19, -1, 38755658, TGCCCCCTGCGCCCCGCCTCCAG, 4, 0.493086352041, False, NM_021102
2006955409, chr3, -1, 61777865, CACCCCCAACTCCCCGCCTCAAG, 4, 0.493086352041, False, None
2006955410, chr9, 1, 139672180, CACCGGCTCCTCCCCGCCTCCAG, 4, 0.488244260204, False, None
2006955412, chr11, 1, 61640873, CTCCCCCTCAACCCCGCCGCCGG, 4, 0.485227552817, False, None
2006955413, chr16, 1, 2576605, TACCCCCCCAACCCCGCCCCCAG, 4, 0.485227552817, False, None
2006955411, chr4, -1, 109019471, CACCCCCACAACCCCGCCACAGG, 4, 0.485227552817, False, None
2006955414, chr4, 1, 7329529, GCCCCCCCCAACCCCGCCCCCGG, 4, 0.476283266129, False, None
2006955415, chr7, 1, 100881148, CACCCCCTCCCCCCAGCCTCTGG, 3, 0.468666666667, False, NM_001185080
2006955416, chr6, 1, 43337319, GACACACCCCCCCCCGCCTCCGG, 4, 0.46544686284, False, None
2006955417, chr8, -1, 29120067, CAGCCCCTGCAGCCCGCCTCGGG, 4, 0.438148226763, False, None
2006955418, chr22, 1, 40102383, GTCCCTCCCCACCCCGCCTTGGG, 4, 0.421955545775, False, None
2006955419, chr1, 1, 165599690, CCCCTCCTCCACCCGGCCTCGAG, 4, 0.41692139738, False, None
2006955420, chr14, 1, 101334538, TGCACCCTCCACCCAGCCTCCAG, 4, 0.41692139738, False, None
2006955421, chr12, 1, 50274957, GCCCCCACCCACCCCGGCTCTGG, 4, 0.416345416667, False, None
2006955423, chr2, 1, 85048433, CAACCCCCCCACCCAGCCTCCAG, 4, 0.411084497817, False, None
2006955422, chr9, 1, 3661610, AGGCCCCTCCACCCAGCCTCTAG, 4, 0.411084497817, False, None
2006955424, chr6, -1, 36853818, GCCTCCCCCCACCCAGCCTCGGG, 4, 0.409763948498, False, NM_152734
2006955425, chr19, 1, 10163746, GACCCCCCAGCCCCCGCCTCAGG, 4, 0.407554834821, False, None
2006955426, chr8, -1, 142343358, CAGCCCCTCCCTCCCGCCTCCAG, 4, 0.397990615145, False, None
2006955427, chr20, 1, 45338170, GCTCCCCTCCGTCCCGCCTCCAG, 4, 0.391492809184, False, None
2006955428, chr12, 1, 96543455, GACCCCCACCACCCCGCCGTGGG, 3, 0.390570422535, False, None
2006955429, chr1, 1, 32230090, GCCCCCCACCTCCCCGCCTTGGG, 4, 0.38708318662, False, None
2006955430, chr2, -1, 240902459, GCCACCCTCCCCCCCGCCTTTAG, 4, 0.38708318662, False, None
2006955431, chr9, 1, 119537124, TACACCCTCTACCCAGCCTCCAG, 4, 0.383984606987, False, None
2006955432, chr5, 1, 1246561, GGCCGCCTGCACCCCGGCTCCAG, 4, 0.372455416667, False, None
2006955433, chr12, 1, 56633520, GGCCCCATCCACCCCACCTCCAG, 3, 0.37015655058, False, NM_173595
2006955434, chr6, 1, 1966768, GGTCCCCTGCACCCCGACTCTAG, 4, 0.367241040833, False, None
2006955435, chr8, 1, 37251177, CACCCCGCCCACCCCGCCCCTGG, 4, 0.359837588028, False, None
2006955436, chr19, -1, 30335982, GGCCCCACCCACCCCGCCGCAGG, 4, 0.353204637097, False, None
2006955437, chr19, 1, 50364978, GGCCCCGCCCACCCCGCCGCAGG, 4, 0.353204637097, False, NM_007254
2006955438, chr2, -1, 66784038, GCCCCCTCCCACCCCGCCCCAAG, 4, 0.353204637097, False, None
2006955439, chr1, 1, 95058046, GCTCCCATCCACCCCGCCCCCAG, 4, 0.348259772177, False, None
2006955440, chr5, 1, 179588284, GACTCCCTCCGCCCCGCTTCCAG, 3, 0.342756218905, False, None
2006955441, chr11, -1, 32184478, CACCCCCCGCACCCCGCCCCAGG, 4, 0.321904489437, False, None
2006955442, chr1, -1, 117909677, GGCCTCCTCCGCGCCGCCTCCGG, 4, 0.317498573651, False, None
2006955443, chr19, 1, 1445927, GGCCTCCTCCCCGCCGCCTCGGG, 4, 0.317498573651, False, None
2006955445, chr1, 1, 44016018, GCCCCGCCCCACCCCGCCCCCAG, 4, 0.312867943548, False, None
2006955444, chr6, -1, 14762737, GGCCCACCCCACCCCGCCCCGAG, 4, 0.312867943548, False, None
2006955446, chr11, 1, 71948787, GCTTCCCTCCACCCCGCATCCGG, 4, 0.311526923077, False, NM_001567
2006955447, chr10, -1, 129145838, GAGCCCCCACACCCCGCCCCAAG, 4, 0.3059083125, False, None
2006955448, chr7, 1, 63562930, CACCCCCTCCACCCTGCCACCAG, 3, 0.30206779661, False, None
2006955449, chrX, 1, 152837111, GTCCCCCTCCTCCCCACCTCCGG, 3, 0.300786069652, False, None
2006955450, chr22, -1, 45134887, CACCCACTACTCCCCGCCTCAGG, 4, 0.298317242985, False, None
2006955451, chr14, -1, 103541965, GTCCCCCTCGCCGCCGCCTCCAG, 4, 0.292416186333, False, None
2006955454, chr1, -1, 223538383, TACCCCCGCCTCCCCGCCCCCGG, 4, 0.29240096831, False, None
2006955452, chr19, 1, 1245862, CCCCCCCTCCCCCCCGCCCCCAG, 4, 0.29240096831, False, None
2006955453, chr3, -1, 52559159, AACCCCCCCCCCCCCGCCCCCAG, 4, 0.29240096831, False, NM_001134231
2006955455, chr11, -1, 65479762, GGCTCCCTCCGCCCCGCCCCGGG, 4, 0.28701108871, False, NM_006388
2006955457, chr11, 1, 119932041, GCCCCCCACCCCCCCGCCCCCAG, 4, 0.28701108871, False, None
2006955456, chr22, 1, 37244915, GCCCCCCACCCCCCCGCCACAGG, 4, 0.28701108871, False, None
2006955458, chr1, -1, 43999152, GGTCCCCTCCTCCCCGCCCCCAG, 4, 0.282992933468, False, None
2006955459, chr14, 1, 105102637, GTCCTCATCCACCCAGCCTCCAG, 4, 0.279868776824, False, None
2006955460, chr10, 1, 128608612, AACTCCCTCCACCCCGGCTGTGG, 4, 0.27365625, False, None
2006955463, chr1, 1, 179924521, CGCCTCCTCCACCCCTCCTCTAG, 4, 0.272333333333, False, None
2006955462, chr3, 1, 132277313, CCCCACCTCCACCCCACCTCAAG, 4, 0.272333333333, False, NM_032169
2006955461, chr6, 1, 29720213, CTCTCCCTCCACCCCACCTCCAG, 4, 0.272333333333, False, None
2006955464, chr7, 1, 2054046, GACCTCCACCTCCCCGCCGCAGG, 4, 0.271971206332, False, NM_001013836
2006955465, chr12, 1, 50436062, GACAACTTCCACCCAGCCTCCAG, 4, 0.270578526971, False, None
2006955466, chr2, 1, 69500820, ACACCCCTCCACCCCTCCTCAAG, 4, 0.268520666667, False, None
2006955467, chr3, -1, 14940385, AGTCCCCTCCACCCCTCCTCAGG, 4, 0.268520666667, False, NM_152536
2006955468, chr12, 1, 57604315, GCCACCCACCACCCCACCTCAGG, 4, 0.267576419214, False, NM_002332
2006955469, chr22, 1, 45600157, GGGCCCCTCCACACCGCCTAGGG, 4, 0.266133291021, False, None
2006955470, chr7, 1, 73472030, GTCCCCCTCACCCCCGCCACTGG, 4, 0.264337212702, False, NM_001278939
2006955471, chrX, 1, 6107224, GAAATCCTCCACCCCTCCTCAAG, 4, 0.259301072961, False, None
2006955472, chr2, -1, 56010504, GCCCCCTTCTACCCAGCCTCTGG, 4, 0.257759143455, False, None
2006955473, chr16, -1, 87448100, GAACCCCTCGGCCCCGCCGCTGG, 4, 0.255919089159, False, NM_015144
2006955474, chr15, 1, 66544700, GGCCTCCTCCAACCCGCCGCAGG, 4, 0.254431451613, False, None
2006955475, chr9, 1, 114935681, GACCCTCTTTCCCCCGCCTCAAG, 4, 0.254014318088, False, None
2006955476, chr19, -1, 11310982, CACCCACCCCACCCGGCCTCAGG, 4, 0.252237445415, False, NM_020812
2006955477, chrX, 1, 120008986, CAGCCCCTGCACCCAGCCTCTGG, 4, 0.251172628166, False, NM_001145718
2006955478, chr14, -1, 63667634, GGCCACCTGCACCCAGCCTCTGG, 4, 0.250365772532, False, None
2006955479, chr6, -1, 86178007, CAGCCGCTCCACCCTGCCTCCAG, 4, 0.248706121179, False, None
2006955480, chr2, -1, 69027362, GCCCCTCCCCACCCTGCCTCTAG, 4, 0.247907188841, False, None
2006955481, chr6, -1, 53460732, GCCTCCCTCAACCCCTCCTCCAG, 4, 0.246437882096, False, None
2006955482, chr1, 1, 9884873, GGCCCCCTCCTCCTCGCCTCTGG, 3, 0.245884976526, False, None
2006955483, chr8, -1, 53746482, GACACCCCCGACCCCACCTCTAG, 4, 0.238119303797, False, None
2006955484, chr16, -1, 88520314, AACACCCTCCTCCCGGCCTCCGG, 4, 0.231391375546, False, None
2006955485, chr1, 1, 28696945, CACCCTCTACACCCCGGCTCCGG, 4, 0.229413998162, False, None
2006955486, chr17, 1, 31687521, GCCCACCTCCTCCCTGCCTCTGG, 4, 0.227418991416, False, None
2006955487, chr11, 1, 279303, GACCCGCGCCCGCCCGCCTCCAG, 4, 0.225490280172, False, NM_138329
2006955488, chr6, 1, 91296659, GACCCGCGCCCACCCGCCTCCGG, 4, 0.225490280172, False, NM_145333
2006955489, chr8, 1, 134177785, CCTCCCCTCCACCTCGCCTCAAG, 4, 0.224627092275, False, None
2006955490, chr20, -1, 23836633, GGTCCCCTCCTCCCAGCCTCAGG, 4, 0.224235125536, False, None
2006955491, chr11, 1, 66618624, GGCAGCCTCCACCACGCCTCCGG, 4, 0.223971518987, False, NM_022172
2006955492, chr4, -1, 22248918, TTCCCCCTCCACCCCGCCGAGGG, 4, 0.223900568182, False, None
2006955493, chr14, -1, 71954861, GGCCCCCTCCACCACGCCTAAAG, 3, 0.222321468927, False, NR_027046
2006955494, chr17, 1, 28975223, TACCCCCTCCACCCCGCTCCAGG, 3, 0.220915254237, False, None
2006955496, chr20, -1, 19408391, GAGTCCCTCCTCCCAGCCTCCAG, 4, 0.220450566456, False, None
2006955495, chr7, -1, 47802409, GAGCACCTCCGCCCAGCCTCAGG, 4, 0.220450566456, False, None
2006955497, chr14, -1, 100751853, GACAGCCCCCACCGCGCCTCGGG, 4, 0.216658163265, False, None
2006955498, chr11, 1, 64331710, GCCCCTTTCCACCCCGCCCCGGG, 4, 0.213688805444, False, NM_018484
2006955499, chr11, -1, 2687491, CACCCCCTCTGCCCAGCCTCGGG, 4, 0.213111456878, False, None
2006955500, chr3, -1, 197080849, GACCCCCCACCCCCCGCCTTAGG, 4, 0.212557667326, False, None
2006955501, chr15, 1, 75126806, GCCCCCCTCGCCCCAGCCTCCGG, 4, 0.209452891094, False, None
2006955502, chr8, 1, 25041940, GACCCCCGGGACCCAGCCTCCGG, 4, 0.209053471693, False, None
2006955503, chr17, -1, 56012880, GACCCCCTTCACCCCGGCCCCAG, 3, 0.208575033333, False, None
2006955504, chr12, -1, 22698260, GACCTCCCCCACCCCGCCCACAG, 4, 0.20797875, False, None
2006955506, chr1, 1, 32226437, CACACCCTCCATCCTGCCTCCGG, 4, 0.205125327511, False, None
2006955505, chr11, 1, 65348900, CACCCCCACCAACCTGCCTCCAG, 4, 0.205125327511, False, NM_001099409
2006955507, chr22, -1, 17700382, GAGCCCCTCTCCCCGGCCTCTAG, 4, 0.203034971706, False, NM_001282229
2006955508, chr19, -1, 41758675, GCCCCCCACCAGCCAGCCTCCAG, 4, 0.201603862661, False, NM_001278599
2006955509, chr7, 1, 751795, GCCCCCCGCCACGCCGCCCCCGG, 4, 0.200132056452, False, None
2006955510, chr1, 1, 875320, GACCCTGTCCACCCCACCTCAGG, 3, 0.200057277037, False, None
2006955511, chr1, 1, 63153752, AACCCCTTCCGCCCCGCCGCGAG, 4, 0.199709861356, False, None
2006955512, chr17, 1, 77135316, GGCCCCCCCCACCCCGACACAGG, 4, 0.199097782258, False, None
2006955513, chr1, -1, 9749875, GACCCTGCCCACCCCGCCCCAGG, 4, 0.199014896057, False, None
2006955514, chr3, -1, 49850390, GTGCCCCTCCAACCAGCCTCAGG, 4, 0.198781408584, False, None
2006955516, chr1, -1, 11751998, GACCCCGCGCACCCCGCCCCTGG, 4, 0.197596384889, False, NM_198545
2006955515, chr7, -1, 95319670, GACCCCTCACACCCCGCCCCTGG, 4, 0.197596384889, False, None
2006955517, chr11, -1, 45929390, GAAGCCCTCCATCCAGCCTCAGG, 4, 0.195426448101, False, None
2006955518, chr17, -1, 9837607, GAGCCCCACCATCCTGCCTCAGG, 4, 0.195426448101, False, NM_201432
2006955519, chr20, -1, 61078245, CACCCCATCCACCCCGGCTACAG, 4, 0.18690721875, False, None
2006955520, chr10, -1, 44650771, CACCCCACCCACCCCTCCTCTGG, 4, 0.186003666667, False, None
2006955521, chr21, 1, 45218780, GACCCCCTCCCCACCGCCCCCAG, 3, 0.180800031646, False, None
2006955522, chr17, -1, 80478192, GACCCCGCCCGCCCCGCCCCGAG, 4, 0.179486077927, False, NM_004514
2006955523, chr1, 1, 5354757, CACGCCCTCCTCCCCGCTTCCAG, 4, 0.178584677419, False, None
2006955524, chr17, 1, 74435406, GACTTCTTCCACCCCACCTCTAG, 4, 0.176585759494, False, None
2006955525, chr17, 1, 7320785, GGCCCCCTGCTCCCCGCCGCGGG, 4, 0.175363775202, False, NM_020795
2006955526, chr11, -1, 10952995, GGCCGCCTCCTCCCCGCGTCAGG, 4, 0.175352375566, False, None
2006955527, chr16, -1, 67840464, GTCCCGCTCCTCCCCGCCCCCAG, 4, 0.173641708669, False, NM_020850
2006955528, chr2, 1, 100388836, AACCCATTCCACCCTGCCTCAGG, 4, 0.172278175218, False, None
2006955529, chr20, 1, 61145973, GCCCCCCTCAACCCTGCCTGGAG, 4, 0.17214949331, False, None
2006955530, chr7, 1, 33149165, GATCCCCGCCTCCCCGCGTCGGG, 4, 0.16982371, False, None
2006955531, chr11, 1, 60767869, GTCCCTTTCCACCCTGCCTCTGG, 4, 0.169320609979, False, None
2006955532, chr1, -1, 158618486, GACCCCCACTAGCCTGCCTCTGG, 4, 0.16833765642, False, NM_003126
2006955533, chr17, -1, 9138123, GAGCCCCTCAACCCTGCCTGGGG, 4, 0.16661056353, False, None
2006955534, chr8, 1, 127378759, CACCCCCGTCACCCCACCTCCAG, 4, 0.166395666667, False, None
2006955535, chr12, -1, 125605198, TTCCCTCTCCACCCCTCCTCCAG, 4, 0.164761666667, False, None
2006955536, chrX, 1, 150286038, TACCCCCTCATCCCCGCTTCGGG, 4, 0.164476487903, False, None
2006955538, chr18, 1, 46478502, GCCCCCCCGCACCCCCCCTCCGG, 4, 0.16348919214, False, None
2006955537, chr7, -1, 2541839, GGCCCCCCACACCCCACCTCCAG, 4, 0.16348919214, False, None
2006955539, chr17, -1, 80035183, GCCTCTCTCCACCCCTCCTCCGG, 4, 0.161883733624, False, None
2006955540, chr21, -1, 44581207, GACCCTCACCCCCCCGCCCCGGG, 4, 0.161717814512, False, None
2006955541, chr1, 1, 65614740, CAGCCCCTCCACGCAGCCTCGGG, 4, 0.159089700655, False, None
2006955542, chr3, -1, 8785390, GAGCTCCTGCACCCCACCTCAGG, 4, 0.158432955579, False, None
2006955543, chr6, 1, 52930506, GACACCCAGCACCCCTCCTCCGG, 4, 0.15797056962, False, NM_033480
2006955544, chr6, 1, 26470606, GACCCCCCCCACCCCACCCCAGG, 3, 0.156684931507, False, None
2006955545, chr2, 1, 12744758, GACACACCCCACCCCACCTCAGG, 4, 0.156419303797, False, None
2006955546, chr1, 1, 1950446, GACCCCCCACAAACCGCCTCGGG, 4, 0.156396228962, False, None
2006955547, chr3, -1, 9834264, GACCACCCGCACCCCACCTCTAG, 4, 0.155348651452, False, NM_001198793
2006955548, chr1, -1, 201292049, GTCCCCATCCCCCCAGCCTCAGG, 4, 0.155327171137, False, NM_001005337
2006955550, chr11, -1, 76495782, CACCCCCCCCCCCCCACCTCCGG, 4, 0.151145, False, None
2006955551, chr19, 1, 4043840, CACCCCCCCCCCCCCACCTCCAG, 4, 0.151145, False, None
2006955552, chr20, -1, 56018186, CACCCCCCCCGCCCCACCTCCAG, 4, 0.151145, False, None
2006955549, chr3, 1, 138122470, CACCCCCGCCCCCCCACCTCAGG, 4, 0.151145, False, NM_001252092
2006955553, chr18, -1, 77866075, GAGCCCCTGCAACCCGCCGCCAG, 4, 0.15050688975, False, None
2006955554, chrX, 1, 83068077, TAGCCCCTCCTCCCCACCTCCAG, 4, 0.14902897, False, None
2006955555, chr16, 1, 88701853, GGCACCCTCCTCCCCTCCTCAAG, 4, 0.148504912664, False, None
2006955556, chr9, 1, 73679478, GAGCCACTACACCCAGCCTCAAG, 4, 0.146830007465, False, None
2006955557, chr7, -1, 44253549, GGCCCACTCCACTCCGTCTCCGG, 4, 0.14272479375, False, NM_006555
2006955558, chr16, 1, 56255225, GACCCACCACACCCTGCCTCAAG, 4, 0.141738197289, False, None
2006955559, chr18, -1, 47504706, GACCCTCCACACCCAGCCTCCGG, 4, 0.141738197289, False, None
2006955560, chr18, -1, 59997845, GGCCCCCTCCGGCCCGCCCCTGG, 4, 0.141209455645, False, None
2006955565, chr1, -1, 47079455, ACCCCCCTCCACCCTGCCCCCAG, 4, 0.141195422535, False, None
2006955562, chr10, -1, 72803654, AGCCCCCTCCACCCTGCCCCAGG, 4, 0.141195422535, False, None
2006955564, chr11, -1, 122581557, CACCCCCACCACCCTGCCCCCAG, 4, 0.141195422535, False, None
2006955561, chr7, -1, 57268890, CACTCCCTCCACCCTGCCACCAG, 4, 0.141195422535, False, None
2006955563, chr7, -1, 65444744, CACCCCCACCACCCTGCCACCAG, 4, 0.141195422535, False, NM_000181
2006955566, chr15, 1, 78020835, TACCCTCTCCTCCCAGCCTCCAG, 4, 0.139991782205, False, None
2006955567, chr12, 1, 52974198, GACCCCCTCCACCTCCCCTCCAG, 2, 0.139922988506, False, None
2006955568, chrX, -1, 128279570, GCCACCCTCCACCCTGCCCCTAG, 4, 0.138592741935, False, None
2006955569, chr12, -1, 52267702, GCCCCTCTCCTCCCAGCCTCCAG, 4, 0.137588489807, False, None
2006955570, chr3, -1, 95796815, GTCCCCCTCTCCCCCACCTCAAG, 4, 0.136773024563, False, None
2006955571, chr9, -1, 130629148, GTCCCCCTCACCCCCACCTCAAG, 4, 0.136773024563, False, NM_000476
2006955572, chr11, -1, 68971785, GAGCTCCTCCACCCAGCCCCGGG, 4, 0.134179096154, False, None
2006955573, chr19, 1, 19729199, ACCCCCCTCCAGCCCTCCTCAAG, 4, 0.133988, False, None
2006955574, chr10, 1, 22521489, GAACCCTTCCAACCAGCCTCAAG, 4, 0.133476264053, False, None
2006955575, chr2, -1, 69032889, GGTCCCCTCCATCCCACCTCGAG, 4, 0.129804531878, False, None
2006955576, chr16, 1, 2195615, GACCCTCCCCTCCCTGCCTCCAG, 4, 0.128747462349, False, None
2006955577, chr4, 1, 201142, GACCCTCCCCTCCCTGCCTCTGG, 4, 0.128747462349, False, None
2006955578, chr19, 1, 39409295, GGCCCCCTCAACCCAGCCCCAGG, 4, 0.127643915323, False, None
2006955579, chr3, -1, 128161969, GACAGCCTCCAGCCCACCTCCAG, 4, 0.127203797468, False, None
2006955580, chr8, 1, 495245, GACCCCCACCTACCCGCCCCTAG, 4, 0.127147103216, False, None
2006955581, chr22, 1, 23260187, GACCCCCTTCACCCCACCTATGG, 3, 0.12673423379, False, None
2006955582, chr17, -1, 38509527, CACCCCCTGCATCCAGCCTCCAG, 4, 0.125331575109, False, None
2006955583, chr11, -1, 1030120, GACCCCACCCACCCCGACCCAGG, 4, 0.124508360364, False, NM_005961
2006955584, chr18, 1, 59561755, CACCCCCTCCTCCCCGCCCACAG, 4, 0.124264815341, False, None
2006955585, chr8, -1, 40256079, AACCCTCTCCAGCCTGCCTCAGG, 4, 0.124100823144, False, None
2006955588, chr17, 1, 16743810, CACCGCCTCCACCCCGGGTCTAG, 4, 0.123883064516, False, None
2006955587, chr17, -1, 18335537, CACCGCCTCCACCCCGGGTCTAG, 4, 0.123883064516, False, None
2006955586, chr17, 1, 20415474, CACCGCCTCCACCCCGGGTCTAG, 4, 0.123883064516, False, None
2006955589, chr2, 1, 54682734, GACCCCCACCACCCATCCTCCAG, 3, 0.123181997187, False, None
2006955590, chr1, -1, 2780664, CACCCCCACCACCCCTCCTGAGG, 4, 0.122256818182, False, None
2006955591, chr6, 1, 43992832, GGCCCCCTCCACCAGGCCTCAGG, 3, 0.122175201288, False, None
2006955592, chr19, -1, 6470069, GCCCCCCTCCGCCCCGCCCACGG, 4, 0.121931203785, False, None
2006955593, chr2, 1, 47276480, GAACCCCTCCCCCCCGCCAGCAG, 4, 0.118008053256, False, None
2006955594, chr4, -1, 99492472, GACTCCCTCCTCCCCGCCAGCAG, 4, 0.117517404553, False, None
2006955595, chr1, 1, 228552577, GACCCCACCCACCCTGCCTGTGG, 4, 0.116705279936, False, None
2006955596, chr6, -1, 167063864, GACCCCCTCCCTCCCACCTCTAG, 3, 0.116648376471, False, None
2006955597, chr11, -1, 61273536, GAGCCTCTCCACCCCGGCACCAG, 4, 0.116618156611, False, None
2006955598, chr1, -1, 55799299, GACCCCCACAACCCTGCCACCAG, 4, 0.114932488071, False, None
2006955599, chr9, 1, 5882324, CACCCCTTACACCCCACCTCTAG, 4, 0.113648240333, False, None
2006955600, chr8, 1, 144106833, GACCCCCTCGGACCCGCCCCAGG, 4, 0.113340153321, False, None
2006955601, chr16, -1, 66977931, CACCCCCTCCTCCCCGGCACAGG, 4, 0.112574372799, False, NR_036684
2006955602, chr16, -1, 2253666, GGCCCCTTCCACCCTGTCTCCAG, 4, 0.111580571667, False, None
2006955603, chr16, 1, 17630816, GTCCCCTTCCACCCAGTCTCAGG, 4, 0.111580571667, False, None
2006955604, chr1, 1, 3353671, GAGCCCCTGCACCCTGCCTGGGG, 4, 0.110531003601, False, NM_199454
2006955605, chr1, -1, 155990488, GACCCCCGCCCCCCCGCCCGTGG, 4, 0.109583740111, False, None
2006955606, chr2, -1, 130911200, GATCCACTCCACCCAGCCTGTGG, 4, 0.109445592764, False, NR_033230
2006955607, chr2, 1, 132276907, GATCCACTCCACCCAGCCTGTGG, 4, 0.109445592764, False, NR_026922
2006955608, chr11, 1, 64125722, GAGCCCCTCCCACCGGCCTCAGG, 4, 0.108461678696, False, None
2006955609, chr1, 1, 229037634, GGCCCCTTCCACACAGCCTCCAG, 4, 0.108309216631, False, None
2006955610, chr10, -1, 50048359, GAGCCCCTCCCCACCGCCCCAGG, 4, 0.107536034207, False, None
2006955616, chr11, 1, 133534922, CACCCCCACCACCCCTGCTCAGG, 4, 0.106746040724, False, None
2006955611, chr16, -1, 1106806, TTCCCCCTCCACCCCCTCTCCAG, 4, 0.106746040724, False, None
2006955614, chr16, -1, 14462306, CACCCCCACCACCCCAGCTCAAG, 4, 0.106746040724, False, None
2006955613, chr16, 1, 89237042, AGCCCCCTCCACCCCCTCTCCAG, 4, 0.106746040724, False, None
2006955612, chr20, -1, 19944841, TCCCCCCTCCACCCCTGCTCCAG, 4, 0.106746040724, False, None
2006955615, chr22, -1, 39581298, AACACCCTCCACCCCTACTCTGG, 4, 0.106746040724, False, None
2006955617, chr15, -1, 99281001, TTCCCCCTCCACACCTCCTCAAG, 4, 0.105393, False, None
2006955619, chr9, 1, 134158091, AACACCCTCCACTCCCCCTCTGG, 4, 0.105393, False, None
2006955618, chrX, -1, 85403399, CACCCCCACCACACCCCCTCCGG, 4, 0.105393, False, NM_053281
2006955621, chr20, -1, 37549364, GGCCGCCTCCACCCCTACTCTAG, 4, 0.104848333333, False, NM_015568
2006955620, chr5, 1, 112569346, GTCTCCCTCCACCCCAACTCCAG, 4, 0.104848333333, False, None
2006955622, chr15, 1, 22546943, GACCCCCCCACCCACGCCTCCAG, 4, 0.103956882543, False, NR_033735
2006955623, chr21, -1, 45748002, GGGCCCCTCCACCCCAGCTCGAG, 4, 0.103380456667, False, None
2006955624, chr11, -1, 19527082, GACCCGACCCACCCCACCTCAAG, 4, 0.103345914796, False, NR_049725
2006955625, chr17, 1, 7979755, GACCCAGCCCACCCCACCTCCAG, 4, 0.103345914796, False, NM_001139
2006955626, chr2, 1, 73511284, TACCTCCTCCACCCCGCGGCGAG, 4, 0.103262323944, False, None
2006955627, chr8, -1, 143608297, GACCCCCAGCACCCAGCCTTGGG, 4, 0.102640459177, False, None
2006955628, chr11, -1, 66136505, GAGCACCTCCACCCCCTCTCCAG, 4, 0.101574684498, False, NM_001532
2006955629, chr6, -1, 6725991, GAACCCCACCACCCCAGCTCTGG, 4, 0.101574684498, False, None
2006955630, chr7, -1, 1117972, GCCCCCCCCCACCCCGCAGCTGG, 4, 0.101358870968, False, None
2006955631, chr7, 1, 36429282, GCCCGCCTCCACCCCGCGGCGAG, 4, 0.101358870968, False, None
2006955632, chr8, -1, 137500395, AACCCTCTCCACCCAGTCTCAGG, 4, 0.100626761878, False, None
2006955633, chrX, -1, 47510244, GACCCCCGCCCCCCCGACACAGG, 4, 0.0994951925571, False, None
2006955634, chr1, -1, 1476502, GACCCCCTCGTCCCCGCCCTAAG, 4, 0.0976310613884, False, None
2006955635, chr16, -1, 85179747, CACCCCATCCACCCGGCCCCAAG, 4, 0.0964364735915, False, None
2006955636, chr19, 1, 12833008, GATCCCCTCCAGCCCGACCCCAG, 4, 0.0948365835577, False, NM_013433
2006955637, chr2, 1, 64880720, GATCCCCTCCAGCCCGACGCCGG, 4, 0.0948365835577, False, NM_014755
2006955639, chr18, -1, 10926137, GACCTCCTGCACCCTGACTCAAG, 4, 0.0947639731013, False, None
2006955638, chr4, -1, 72165945, GACCTCCTTCACCCTGACTCCAG, 4, 0.0947639731013, False, None
2006955640, chr19, 1, 48821927, GACCCCCTCCTCCCCAGCTCAGG, 3, 0.0934792369478, False, NM_144577
2006955642, chr1, -1, 51442185, GACCCCTCCCTCCCCACCTCAGG, 4, 0.0932819593373, False, None
2006955641, chr12, -1, 57481222, GACCCCTCCCCCCCCACCTCAGG, 4, 0.0932819593373, False, None
2006955643, chr20, -1, 39276006, GACCCCCTCAACCTGGCCTCTGG, 3, 0.091342492549, False, None
2006955646, chr2, 1, 87246431, GTCCCCCTGCTCCCCACCTCTGG, 4, 0.0907365016376, False, None
2006955644, chr2, -1, 88050122, GTCCCCCTGCTCCCCACCTCTGG, 4, 0.0907365016376, False, None
2006955645, chr6, -1, 161125784, GTCCCCCTGCTCCCCACCTCTGG, 4, 0.0907365016376, False, None
2006955647, chr3, 1, 55857478, GTCCCCCTCCTCCCTGTCTCAGG, 4, 0.090669425, False, None
2006955652, chr11, 1, 12308917, ATCCCCCTCCACCCCACCCCTGG, 4, 0.0906179577465, False, None
2006955649, chr12, -1, 69077084, TACCCCCACCACCCCACCCCAAG, 4, 0.0906179577465, False, None
2006955650, chr17, 1, 65632973, AACACCCTCCACCCCACCACAGG, 4, 0.0906179577465, False, None
2006955651, chr17, -1, 77191744, CACCCCCGCCACCCCACCACTGG, 4, 0.0906179577465, False, None
2006955648, chr19, -1, 13370823, AACTCCCTCCACCCCACCCCCAG, 4, 0.0906179577465, False, None
2006955653, chr16, -1, 31453541, GAGCCCCTCGACCCCGCGCCAGG, 4, 0.0903786332885, False, None
2006955654, chr11, -1, 134717501, TAACCCCTCCACCCCACCGCAGG, 4, 0.089349306338, False, None
2006955655, chr5, 1, 178554948, GACCCCCTCACCTCCGCCACAGG, 4, 0.0891517059657, False, NM_014244
2006955657, chr16, -1, 30017998, GTCTCCCTCCACCCCACCCCCAG, 4, 0.0889475806452, False, NM_001282062
2006955658, chr22, -1, 20141936, GGCCTCCTCCACCCCACCCCAGG, 4, 0.0889475806452, False, None
2006955661, chr22, 1, 23731500, GGCCTCCTCCACCCCACCCCAGG, 4, 0.0889475806452, False, None
2006955659, chr22, 1, 36040228, GCCCACCTCCACCCCACCCCTGG, 4, 0.0889475806452, False, None
2006955656, chr22, 1, 47511238, GCCCCCCACCACCCCACCCCCGG, 4, 0.0889475806452, False, None
2006955660, chr7, 1, 142255832, GTCACCCTCCACCCCTCCCCAGG, 4, 0.0889475806452, False, None
2006955662, chr1, 1, 6520036, GCCCCCCTCCCCACTGCCTCAGG, 4, 0.0880111496781, False, NM_031475
2006955663, chr5, -1, 1033033, GGCCCCCTCCCCGCAGCCTCTGG, 4, 0.0880111496781, False, None
2006955664, chr5, -1, 52950213, CACTCCCTCCACCCTGCATCAGG, 4, 0.086235483871, False, None
2006955665, chr1, -1, 197954474, TACCCACTCCACCCAGCCCCTGG, 4, 0.0854232306338, False, None
2006955666, chr7, -1, 70480504, GAACCCCTCCCCTCTGCCTCCAG, 4, 0.0853143692184, False, None
2006955667, chrX, 1, 15664906, GACCGCCGCCACCCCCCCACCAG, 4, 0.0842865720524, False, None
2006955668, chr17, -1, 29865382, GCCCCACTCCACCCTGCCCCTGG, 4, 0.083848608871, False, None
2006955669, chr10, -1, 126234684, CACCCCTTCCACCCCACCTGCAG, 4, 0.0835014068182, False, None
2006955670, chr11, -1, 72391104, CACCCCCTGCATCCCCCCTCAGG, 4, 0.081866668, False, None
2006955671, chr19, 1, 19385237, CACCCCCTCCAACCAGACTCTGG, 4, 0.0818320113122, False, None
2006955672, chr5, 1, 177792967, GCCCCACTCCAGCCCTCCTCAAG, 4, 0.0796467969432, False, None
2006955673, chr11, -1, 117092642, TACCCCCTCCTCCCAGCCCCAGG, 4, 0.078363459507, False, None
2006955674, chr16, 1, 5243898, GACCCACCCCACCCTGCCACCAG, 4, 0.078090764485, False, None
2006955675, chr17, -1, 76974249, GGCCCCCTCCAAGCAGCCTCAAG, 4, 0.0780206948498, False, None
2006955676, chr12, 1, 131229122, GATCCTCTCCAGCCCACCTCAGG, 4, 0.0771835573777, False, None
2006955677, chr20, 1, 31173188, GCCCGCCTCCACCACGCCGCGGG, 4, 0.0770534274194, False, None
2006955678, chr22, 1, 48236494, GACCACCTCCAGCCAGACTCCAG, 4, 0.0763074873418, False, None
2006955679, chr9, 1, 137131282, GACCCCCCACACCCTGCCCCCAG, 4, 0.0762472857884, False, None
2006955680, chr17, 1, 16907990, GCACCCCTCCACCACGCCCCTGG, 4, 0.0759746794355, False, None
2006955681, chr9, 1, 139339886, AACCCCCTGCACCCCTCCTGGAG, 4, 0.0746989159091, False, None
2006955683, chr6, -1, 14612670, CACCCCCTCCCACCCTCCTCAGG, 4, 0.07436334, False, None
2006955682, chr7, -1, 44005998, AACCCCCTCCCACCCTCCTCTGG, 4, 0.07436334, False, NR_003655
2006955685, chr7, -1, 102141678, AACCCCCTCCCACCCTCCTCTGG, 4, 0.07436334, False, NM_001277335
2006955684, chr7, -1, 102240839, AACCCCCTCCCACCCTCCTCTGG, 4, 0.07436334, False, NM_001277335
2006955686, chr15, 1, 33312520, GACCCCCCCAACCCCCCCACCAG, 4, 0.0737626415975, False, None
2006955687, chr6, -1, 109021308, GGCCCCCTTCACCCCACCTTCAG, 4, 0.0732961193662, False, None
2006955688, chr12, 1, 66755671, CACACCCTCCACCCACCCTCGGG, 4, 0.0729853333333, False, None
2006955689, chr16, 1, 89309399, AGCCCCCTCCACCCTCCCTCCAG, 4, 0.0729853333333, False, None
2006955690, chr9, 1, 132320060, CACCCCCACCACCCATCCTCCAG, 4, 0.0729853333333, False, None
2006955691, chr16, 1, 66975943, GACCACCTCCTCCCTGCCCCTGG, 4, 0.0728882832969, False, NR_036684
2006955692, chr22, 1, 24984329, GAGCCCCTCCTGCCCACCTCAGG, 4, 0.0708047509828, False, NM_207644
2006955693, chr3, -1, 127409306, GTGCCCCTCCACCCTCCCTCCAG, 4, 0.0707065336245, False, NM_001003794
2006955694, chr5, 1, 4028487, GAAGCCCTCCACCCTCCCTCTGG, 4, 0.0694926875536, False, None
2006955695, chr17, -1, 77151817, GACTCCCACCACCCACCCTCCAG, 4, 0.0692898734177, False, None
2006955696, chr6, 1, 163836826, GACCCCCACCGCCCCGCGTTCGG, 4, 0.0681854382911, False, None
2006955697, chr1, -1, 36622794, GTCCCCCTCCTCCCCGAATCAGG, 4, 0.0675106645928, False, None
2006955698, chr11, -1, 65566636, GACGCCTTCCACCCCGCTCCTGG, 4, 0.066766665, False, None
2006955699, chr16, 1, 6004260, GACCCCCACCCACCCACCTCTGG, 4, 0.0661334051383, False, None
2006955700, chr8, -1, 81502462, GACCCCCTAAATCCCACCTCTGG, 4, 0.0660109738377, False, None
2006955701, chr3, -1, 49850170, GACCCCTACCACCCCATCTCAGG, 4, 0.0657655821429, False, NM_003335
2006955702, chr8, -1, 70772008, CACCCCCTACACCCCCACTCCAG, 4, 0.0652218308824, False, None
2006955703, chr12, -1, 70112616, GCCCCCCTTCACCCCCACTCCAG, 4, 0.0640623316667, False, None
2006955704, chr19, -1, 36280581, GACCCCCTCCGCCCGCCCTCCAG, 3, 0.063540172549, False, NR_104176
2006955705, chr4, 1, 141004972, GGCCCACTCCACTCCTCCTCCAG, 4, 0.0626490049127, False, None
2006955707, chr10, -1, 134802609, CACCCCCCCCACCAGGCCTCAGG, 4, 0.0621212882096, False, None
2006955706, chr10, -1, 134802651, CACCCCCCCCACCGGGCCTCGGG, 4, 0.0621212882096, False, None
2006955708, chr13, 1, 21009935, GACTCCCTTCACCCCCGCTCCGG, 4, 0.0618627666309, False, None
2006955709, chr12, -1, 132105846, GACCCCCTCTCCCCTGCCCCGGG, 4, 0.0617381322967, False, None
2006955710, chr22, 1, 35822882, GAGCCGCTCCACCCCTTCTCCAG, 4, 0.0614526841212, False, None
2006955711, chr5, 1, 168929401, GTCCCCCACCACCATGCCTCCAG, 4, 0.0610548283262, False, None
2006955712, chr7, 1, 1885416, GACACGCTCCACACCACCTCTGG, 4, 0.0605342705696, False, None
2006955713, chr20, 1, 35971536, TACCCCCTCCACCCTGCCCTCAG, 4, 0.0600053522727, False, None
2006955714, chr6, 1, 126228144, GACTCCTTCCACCTCGTCTCCAG, 4, 0.0599054939646, False, None
2006955715, chr17, 1, 63140602, GACCCCCTTCTCCCCGACACGGG, 4, 0.0597990473438, False, None
2006955716, chr16, -1, 30042244, CACCCCCTCCCCGCCTCCTCGGG, 4, 0.058493115, False, NM_031478
2006955717, chr10, 1, 102795898, GACCCTCTCCTCCCAGCCTGCAG, 4, 0.0583765731796, False, NM_030971
2006955718, chr18, -1, 74102382, GACCTGCTCCACCCCGCAACAGG, 4, 0.0581087308952, False, None
2006955720, chr10, 1, 95721364, GGCCCCCTCCCCGCCCCCTCCAG, 4, 0.0574714012009, False, NR_002319
2006955719, chr8, -1, 104118500, GCCCCCCTCCCCGCCACCTCTGG, 4, 0.0574714012009, False, None
2006955721, chr1, 1, 16525222, GACCCCTTCCAGCCAGCCTAGGG, 4, 0.0574189977283, False, NM_153213
2006955722, chr17, -1, 73821078, GACCCCCAGCACTCCCCCTCGGG, 4, 0.0572683900198, False, NM_001080419
2006955724, chrX, 1, 1451108, GACCCCATCCCCCCAGACTCAAG, 4, 0.0568719342321, False, None
2006955723, chrY, 1, 1401108, GACCCCATCCCCCCAGACTCAAG, 4, 0.0568719342321, False, None
2006955725, chr14, 1, 70319820, GAGCCCCTCCCCTCCCCCTCAAG, 4, 0.055693980956, False, None
2006955726, chr7, -1, 152791932, GACACCCTCCTCACCCCCTCAAG, 4, 0.0555314382911, False, None
2006955728, chr3, 1, 65075641, CCCCCCCTCCACCCCACTTCAGG, 4, 0.0553451612903, False, None
2006955727, chr7, -1, 149094667, CACCCCCACCACCCCTCATCCAG, 4, 0.0553451612903, False, None
2006955729, chr9, -1, 140160927, CTCCCCCTCCACCCCACTTCCAG, 4, 0.0553451612903, False, NM_015456
2006955730, chr11, 1, 68141130, CACCCCCTCCACACAGCCCCAGG, 4, 0.0546426285211, False, None
2006955731, chr1, 1, 211296528, TACCCCCTCCACCCAGGCCCCAG, 4, 0.0543602376761, False, None
2006955732, chr13, 1, 31072671, GCCCCCCACCACCCCACGTCTAG, 4, 0.054343438914, False, None
2006955733, chr7, -1, 22705490, GTCCCCCTCCACCCTGTCCCCAG, 4, 0.0533582056452, False, None
2006955734, chr19, 1, 1168611, GACCCATTCCACCCGGCCCCTGG, 4, 0.0533359921432, False, None
2006955735, chr1, -1, 14127279, GACCCCCCCCAACCCTCCTTCAG, 4, 0.0530439835443, False, None
2006955736, chr5, -1, 57446906, GATTCCCTCCACCCCTCATCCAG, 4, 0.0526300506667, False, None
2006955738, chr7, 1, 31015206, GACCCCCGCCCCCCCATCTCCAG, 4, 0.0525820707831, False, None
2006955737, chr7, 1, 44351298, GACCCCCACCGCCCCAGCTCTGG, 4, 0.0525820707831, False, None
2006955739, chr9, -1, 130587894, GACCCCCCCCGCCCCCTCTCCGG, 4, 0.0525820707831, False, NM_001114753
2006955740, chr15, -1, 25903376, GACCTTCTCCACCCCACCACCAG, 4, 0.0509933760917, False, None
2006955741, chr1, -1, 7676693, GTCCCCCTCCATTCCCCCTCAGG, 4, 0.050947620524, False, None
2006955742, chr16, -1, 69996456, GACCACCTCCACCCTGGCCCTGG, 4, 0.0505621424672, False, None
2006955745, chr16, -1, 70219364, GACCACCTCCACCCTGGCCCTGG, 4, 0.0505621424672, False, None
2006955744, chr16, 1, 74443939, GACCACCTCCACCCTGGCCCTGG, 4, 0.0505621424672, False, None
2006955743, chr3, 1, 38126282, GACCGCCTCCACCCAGGCACTGG, 4, 0.0505621424672, False, None
2006955746, chr18, -1, 73972257, AACCCCCTCCCCCCCACCCCCAG, 4, 0.0502929665493, False, None
2006955748, chr1, 1, 226093590, GACCCTCCCCACCCCACCCCTGG, 4, 0.0501179533262, False, None
2006955747, chr16, -1, 1095999, GACCCACCCCACCCCACCCCGAG, 4, 0.0501179533262, False, None
2006955749, chr7, 1, 155973782, GACACCCTCCAGCCCGCGGCCAG, 4, 0.04809546, False, None
2006955750, chrX, 1, 48923167, GAGCCCCTCCTCCCCTCCGCAGG, 4, 0.0477937929808, False, NM_001163322
2006955751, chr19, 1, 8372830, GACACCCTCCTCCCCTCCCCCAG, 4, 0.047610675, False, None
2006955752, chr2, -1, 134243346, GACACCCTCCTCCCCACCCCCAG, 4, 0.047610675, False, None
2006955753, chr19, -1, 38035979, AACCCTCTCCACCTCGCCCCAAG, 4, 0.0474927662852, False, None
2006955754, chr15, 1, 66995557, GACCGCCTCCCCCCCACCCCTGG, 4, 0.0467790474891, False, NR_027654
2006955755, chr18, -1, 72990206, GCCCCCCTCCAACCCACCCCCAG, 4, 0.0437622096774, False, None
2006955756, chr15, 1, 102182877, GACCACCTCCACCCCAGCTGTGG, 4, 0.043721755, False, NM_025141
2006955757, chr11, 1, 2736680, GACCCCCTGCAGCCTGGCTCAGG, 4, 0.0436753293261, False, None
2006955758, chr11, 1, 125215324, AACCCCATCCACCAAGCCTCAGG, 4, 0.0424288398472, False, None
2006955759, chr15, 1, 79378915, GACCCCCCCCCCCCAGCTTCTGG, 4, 0.0423909, False, None
2006955760, chr9, -1, 136719751, GGCCCCCTCCAGCCTGCTTCTGG, 4, 0.0416599330317, False, None
2006955761, chr1, -1, 206874462, CACTCCCTCCACCACTCCTCTGG, 4, 0.0405776666667, False, None
2006955762, chr10, 1, 49662336, CACCACCTCCACCTCCCCTCAAG, 4, 0.0405776666667, False, None
2006955763, chr8, 1, 26663470, GGCCCCCTCCACACCCACTCTGG, 4, 0.040576305, False, None
2006955764, chr10, -1, 71596713, GACCCGCCCCACCCTCCCTCCGG, 4, 0.040551544898, False, None
2006955765, chr8, 1, 144161886, GACCCCCTCCTCCCCGGCCTCGG, 4, 0.0401564994635, False, None
2006955766, chr2, -1, 20826511, GGCTCCCTCCACCTCACCTCCAG, 4, 0.0398688864629, False, None
2006955767, chr9, -1, 36859662, GCCCGCCTCCACCTCCCCTCAGG, 4, 0.0398688864629, False, None
2006955768, chr14, 1, 105949026, GACCCCCAGCACCCTTCCTCCAG, 4, 0.0396587300395, False, None
2006955770, chr16, 1, 15443124, GACTCCCCCCACCGCCCCTCTGG, 4, 0.0385231012658, False, None
2006955769, chr16, -1, 16502134, GACTCCCCCCACCGCCCCTCTGG, 4, 0.0385231012658, False, None
2006955771, chr16, 1, 18397437, GACTCCCCCCACCGCCCCTCTGG, 4, 0.0385231012658, False, None
2006955772, chr14, 1, 57196265, GTCCCCCTCCACCCCCCCGTAAG, 4, 0.0377876883803, False, None
2006955773, chr1, -1, 9064766, AACCCGCTCCACCGGGCCTCCAG, 4, 0.0375833793668, False, NM_207420
2006955774, chr12, 1, 6952699, GACCCTCTCCTCCCCTCCTGAGG, 4, 0.0374655618914, False, NM_002075
2006955775, chr14, 1, 22746523, CACCCCCTCCACCCTGCATTGGG, 4, 0.0373366636364, False, None
2006955777, chrY, 1, 6320880, GTCCCCATCCACCCCTCATCAGG, 4, 0.0371165687783, False, NR_003592
2006955776, chrY, -1, 9549476, GTCCCCATCCACCCCTCATCAGG, 4, 0.0371165687783, False, NR_003592
2006955778, chr6, 1, 43989613, GGCCCTCTCCACCAGGCCTCAGG, 4, 0.0369381711373, False, None
2006955779, chr21, 1, 47460018, GGCCCCCTCCATCCTCCCTCCAG, 4, 0.0352815563319, False, None
2006955780, chr22, 1, 43164722, GGCCCCCTCCAGCCACCCTCAGG, 4, 0.0352815563319, False, None
2006955781, chr17, -1, 19437879, CACCCCCTCCTCCGTGCCTCGGG, 4, 0.0344773149563, False, None
2006955782, chr22, 1, 20231990, GACCCCCTCCCCACAGCCTGGGG, 4, 0.0343423747545, False, None
2006955783, chr1, 1, 204898229, GTCCCCCTCCACCCCATCCCCAG, 4, 0.0342448185484, False, None
2006955785, chr10, 1, 49897071, GGCCCCCTCCACCCCCACCCCAG, 4, 0.0342448185484, False, None
2006955784, chr18, -1, 53916108, GCCCCCCTCCACCCCCACCCCAG, 4, 0.0342448185484, False, None
2006955786, chr1, 1, 2482057, GAGCCCCTCCAGCCGCCCTCTGG, 4, 0.0341904022764, False, None
2006955787, chr1, -1, 2508089, GAGCCCCTCCAGCCGCCCTCTGG, 4, 0.0341904022764, False, None
2006955789, chr16, -1, 29267424, GACCCCGTCCACCCAGACACTGG, 4, 0.0333682405775, False, None
2006955788, chr16, -1, 88262476, GACCCCGTCCACCCAGACACTGG, 4, 0.0333682405775, False, None
2006955790, chr12, -1, 50017384, GAGCCCCTCCACCCCCGCGCGGG, 4, 0.0331542527885, False, NR_052006
2006955791, chr8, -1, 142408261, GGCCCACTCCACCCCTCATCCAG, 4, 0.032877780543, False, None
2006955792, chr1, -1, 17265668, GAGCCCCTCCCCCAGGCCTCTGG, 4, 0.0328471344019, False, NM_014675
2006955793, chr1, -1, 110962661, CACCCCCTCCACCCTTCCTTGAG, 4, 0.0327648272727, False, None
2006955794, chr1, -1, 4722980, GACCCTCTCCCCTCCACCTCCAG, 4, 0.0324994909362, False, None
2006955795, chr19, -1, 1247650, GACCACCTCCACCCCCACCCTGG, 4, 0.0324503302402, False, None
2006955797, chr10, -1, 130964735, GCCCCCCTCCACCCTCCCTTGGG, 4, 0.0321495253521, False, None
2006955796, chr8, -1, 133194741, GTCCCCCTCCACCCTCCCTGGGG, 4, 0.0321495253521, False, None
2006955798, chr18, 1, 46384277, GACCCCCTGCGCCCCAGCTCAGG, 4, 0.031619698288, False, None
2006955799, chr11, 1, 115830083, GACCCCCTGCTCCGCGCCTGCAG, 4, 0.0311454311464, False, None
2006955800, chr13, -1, 49450243, GACCCCCGCCACTCCTCCCCCAG, 4, 0.0309947256224, False, None
2006955801, chr19, 1, 10097193, GACCCACACCACCCCTCATCTGG, 4, 0.0306581835443, False, NM_015719
2006955802, chr3, 1, 53080023, GCCCCCCTCCACCCGCGCTCCGG, 4, 0.0280993533333, False, NM_016329
2006955803, chrX, -1, 49043593, GACCCCCTCCCCCCAGCCCGGAG, 4, 0.0279530957304, False, None
2006955804, chr1, -1, 201358431, GACCCTCTCCTCCCCTCCCCCAG, 4, 0.027815464096, False, NM_005558
2006955805, chr12, -1, 5311311, GCCCCCCTCCACACTCCCTCGGG, 4, 0.0277519558952, False, None
2006955806, chr5, -1, 72597339, AACCCCCTCCAACCCCCATCAGG, 4, 0.0272298193548, False, None
2006955807, chr10, -1, 119903804, GACTCCCTCCAACCCCCATCCAG, 4, 0.0258029292576, False, None
2006955808, chr8, -1, 21927513, GACCCCCTCCAGCCAGCCCGCAG, 4, 0.0243882623063, False, NM_001114138
2006955809, chr11, 1, 75901463, GACCCCCTCAATCTGGCCTCCAG, 4, 0.0243251089709, False, None
2006955810, chr19, 1, 51055429, GACCCCCTCGCCCCCACTTCCAG, 4, 0.0242645076462, False, None
2006955811, chr20, -1, 51816704, GTCCCCCTCCACCCGCCCACAAG, 4, 0.0238379516129, False, None
2006955812, chr2, -1, 113994219, GACCCCTTCCAACACGCCACTGG, 4, 0.0237076854066, False, NM_003466
2006955813, chr14, 1, 24606084, GATCCCCTCCACCCTTCCCCAGG, 4, 0.0230788045385, False, None
2006955814, chr4, 1, 8099518, CACCCCCTCCCCCACTCCTCTGG, 4, 0.022520605, False, None
2006955815, chr2, -1, 241932178, GACCCCCTCCACCCACCATCTGG, 3, 0.0214308993758, False, None
2006955816, chr2, 1, 237027851, GACCCCATCCACCCCCTCCCCAG, 4, 0.0214154379826, False, None
2006955818, chr14, 1, 90888967, GACCCCGTCCCCCGTGCCTCTGG, 4, 0.0213142031635, False, None
2006955817, chr22, -1, 20792703, GACCCCTTCCCCCAGGCCTCTGG, 4, 0.0213142031635, False, None
2006955819, chrX, -1, 151807069, GACCCCCGCCCCCACCCCTCGGG, 4, 0.0200282060277, False, None
2006955821, chr1, 1, 148930450, GACCCTCTCCAGCCGACCTCTGG, 4, 0.0199513600898, False, NR_027354
2006955820, chr11, 1, 1897741, GACCCTCTCCAGCCGCCCTCTGG, 4, 0.0199513600898, False, None
2006955822, chr2, -1, 91845842, GACCCTCTCCAGCCGACCTCTGG, 4, 0.0199513600898, False, None
2006955823, chr17, -1, 42306991, GACCCACTCCACCCAGTGTCTGG, 4, 0.0183913452215, False, None
2006955824, chr1, 1, 171623961, GTCCCCCTCCACCTCCCCTGTGG, 4, 0.0178741764085, False, None
2006955825, chr17, 1, 30391256, TACCCCCTCCACCCCCCTCCAGG, 4, 0.0177611197183, False, None
2006955826, chr2, -1, 242175992, GCCCCCCTCCACCCCCCGCCAAG, 4, 0.0174337258065, False, NM_203346
2006955827, chr9, -1, 88811329, GACCCCCTCCTCCCTGCTTTCAG, 4, 0.0173930373434, False, None
2006955828, chr10, 1, 1221836, GACCCCCTGCACCCTCCCTTGAG, 4, 0.0173611438917, False, None
2006955829, chr21, -1, 45705068, GACCCCCTCCTTCCTTCCTCCAG, 4, 0.0169211675547, False, None
2006955830, chr14, 1, 105233993, GACACCCTCCACCCCACTCCTGG, 4, 0.01681386, False, None
2006955831, chr12, 1, 122649646, GACCCCCTGCATCAGGCCTCAGG, 4, 0.0163848225069, False, None
2006955832, chr8, -1, 145747355, GACCCCCTCCAGCCCGAGCCCAG, 4, 0.0162111642899, False, NM_001272036